text,label
The development of smart cities is a crucial step towards sustainable infrastructure.,Infrastructure Development
Innovations in renewable energy technologies are driving industrial growth.,Innovation
Investments in transportation infrastructure are essential for economic development.,Infrastructure Development
The rise of automation and AI is transforming industries worldwide.,Industrial Development
Building resilient infrastructure is key to reducing economic and environmental vulnerabilities.,Infrastructure Development
The history of the steam engine and its impact on industrialization.,Industrial Development
Developing countries are focusing on enhancing their manufacturing capabilities.,Industrial Development
Introduction of 5G technology is set to revolutionize communication infrastructure.,Infrastructure Development
The importance of industrial clusters in promoting innovation and competitiveness.,Innovation
Non-SDG topic: Exploring the culinary traditions of France.,Non-SDG Aligned
Non-SDG topic: The impact of climate change on polar bear populations.,Non-SDG Aligned
Innovative financing models are needed to support large-scale infrastructure projects.,Infrastructure Development
The role of public-private partnerships in infrastructure development.,Infrastructure Development
Non-SDG topic: A guide to the best hiking trails in the Rocky Mountains.,Non-SDG Aligned
The impact of digital transformation on the manufacturing sector.,Industrial Development
Resilient infrastructure is crucial for disaster risk reduction.,Infrastructure Development
Non-SDG topic: The effects of fast fashion on global markets.,Non-SDG Aligned
Sustainable industrial practices are necessary for long-term economic growth.,Industrial Development
Investment in research and development is driving technological innovation.,Innovation
The expansion of broadband networks is vital for connecting remote areas.,Infrastructure Development
